sled_arg_name,harmonized_name,source,resolved_in_mother
1 PAIS,NUEVO PAIS,batch_lookup,True
ACCION CHAQUEÑA,ACCION CHAQUEÑA,direct_match,
ACCION CHUBUTENSE,ACCION CHUBUTENSE,direct_match,
ACCION FEDERALISTA POR BUENOS AIRES,ALIANZA ACCION FEDERALISTA POR BUENOS AIRES,batch_lookup,True
ACCION POR LA REPUBLICA,ACCION POR LA REPUBLICA,direct_match,
ACCION RIOJANA,ACCION RIOJANA,direct_match,
ACUERDO CIVICO Y SOCIAL,ACUERDO CIVICO Y SOCIAL,direct_match,
ACUERDO PARA EL BICENTENARIO,ACUERDO PARA EL BICENTENARIO,direct_match,
ADELANTE NEUQUEN,PARTIDO ADELANTE NEUQUÉN,batch_lookup,True
AFIRMACION PARA UNA REPUBLICA IGUALITARIA,AFIRMACION PARA UNA REPUBLICA IGUALITARIA,direct_match,
AFIRMACION POR UNA REPUBLICA IGUALITARIA - ENCUENTRO NEUQUINO,ALIANZA AFIRMACION POR UNA REPUBLICA IGUALITARIA - ENCUENTRO NEUQUINOA,batch_lookup,True
AGRARIO Y SOCIAL,AGRARIO Y SOCIAL,direct_match,
AGRUPACION POLITICA MUNICIPAL CON LA GENTE,"AGRUPACIÓN POLÍTICA MUNICIPAL ""CON LA GENTE""",batch_lookup,True
ALIANZA DE CENTRO,ALIANZA DE CENTRO,direct_match,
"ALIANZA PARA EL TRABAJO, LA JUSTICIA Y LA EDUCACION","ALIANZA PARA EL TRABAJO, LA JUSTICIA Y LA EDUCACION",direct_match,
"ALIANZA SANTACRUCEÑA PARA EL TRABAJO, LA JUSTICIA Y LA EDUCACION","ALIANZA SANTACRUCEÑA PARA EL TRABAJO, LA JUSTICIA Y LA EDUCACIONA",batch_lookup,True
ALTERNATIVA POPULAR,ALIANZA ALTERNATIVA POPULAR,batch_lookup,True
APERTURA POPULAR DE NEUQUEN,APERTURA POPULAR DE NEUQUEN,direct_match,
ARRIBA CHUBUT,ALIANZA ARRIBA CHUBUT,batch_lookup,True
ARRIBA NEUQUEN,ARRIBA NEUQUÉN,batch_lookup,True
AUTENTICO FORMOSEÑO,AUTENTICO FORMOSEÑO,direct_match,
AUTODETERMINACION Y LIBERTAD,AUTODETERMINACION Y LIBERTAD,direct_match,
AUTONOMISTA,AUTONOMISTA,direct_match,
AVANCEMOS,AVANCEMOS,direct_match,
AVANCEMOS HACIA 1 PAIS MEJOR,ALIANZA AVANCEMOS HACIA 1 PAÍS MEJORE,batch_lookup,True
AVANZA LIBERTAD,ALIANZA AVANZA LIBERTAD,batch_lookup,True
AVANZAR NEUQUEN,AVANZAR NEUQUÉN,batch_lookup,True
AVANZAR Y CAMBIEMOS POR SAN LUIS,AVANZAR Y CAMBIEMOS POR SAN LUIS,direct_match,
BLOQUISTA,BLOQUISTA,direct_match,
BUENOS AIRES PARA TODOS,BUENOS AIRES PARA TODOS,direct_match,
CAMBIA MENDOZA,CAMBIA MENDOZA,direct_match,
CAMBIA RIO NEGRO,CAMBIA RÍO NEGRO,batch_lookup,True
CAMBIA SAN LUIS,CAMBIA SAN LUIS,direct_match,
CAMBIA SANTA CRUZ,CAMBIA SANTA CRUZ,direct_match,
CAMBIEMOS,CAMBIEMOS,direct_match,
CAMBIEMOS - FUERZA CIVICA RIOJANA,ALIANZA CAMBIEMOS - FUERZA CÍVICA RIOJANA,batch_lookup,True
CAMBIEMOS BUENOS AIRES,ALIANZA CAMBIEMOS BUENOS AIRES,batch_lookup,True
CAMBIEMOS CHUBUT,ALIANZA CAMBIEMOSB,batch_lookup,True
CAMBIEMOS RIO NEGRO,CAMBIEMOS RÍO NEGRO,batch_lookup,True
CELESTE Y BLANCO DE LOS TRABAJADORES,CELESTE Y BLANCO DE LOS TRABAJADORES,direct_match,
CHACO CAMBIA + JUNTOS POR EL CAMBIO,ALIANZA CHACO CAMBIA + JUNTOS POR EL CAMBIOB,batch_lookup,True
CHACO SOMOS TODOS,ALIANZA CHACO SOMOS TODOS,batch_lookup,True
CHUBUT AL FRENTE,ALIANZA CHUBUT AL FRENTE,batch_lookup,True
CIUDADANO PARA LA VICTORIA,CIUDADANO PARA LA VICTORIA,direct_match,
CIUDADANOS COMPROMETIDOS - CICO,ALIANZA CIUDADANOS COMPROMETIDOS - CICO,batch_lookup,True
CIVICA,ALIANZA CIVICA,batch_lookup,True
COALICION CIVICA,COALICION CIVICA,direct_match,
COALICION CIVICA ARI NEUQUEN,COALICION CIVICA ARI NEUQUEN,direct_match,
COALICION CIVICA POR LA RESISTENCIA,ALIANZA COALICIÓN CÍVICA POR LA RESISTENCIA,batch_lookup,True
COALICION CIVICA-AFIRMACION PARA UNA REPUBLICA IGUALITARIA,COALICION CIVICA-AFIRMACIÓN PARA UNA REPÚBLICA IGUALITARIA,batch_lookup,True
COALICION UNE - EL FRENTE Y LA PARTICIPACION NEUQUINA,COALICIÓN UNE - EL FRENTE Y LA PARTICIPACIÓN NEUQUINA,batch_lookup,True
COMPROMISO FEDERAL,COMPROMISO FEDERAL,direct_match,
COMPROMISO POR SAN JUAN,COMPROMISO POR SAN JUAN,direct_match,
COMUNIDAD,COMUNIDAD,direct_match,
COMUNIDAD ORGANIZADA,COMUNIDAD ORGANIZADA,direct_match,
CONCERTACION ENTRERRIANA,ALIANZA CONCERTACIÓN ENTRERRIANA,batch_lookup,True
CONCERTACION FUEGUINA,CONCERTACIÓN FUEGUINA,batch_lookup,True
CONCERTACION JUNTOS PARA LA VICTORIA,JUNTOS PARA LA VICTORIA,batch_lookup,True
CONCERTACION JUSTICIALISTA PARA EL CAMBIO,ALIANZA CONCERTACIÓN JUSTICIALISTA PARA EL CAMBIO,batch_lookup,True
CONCERTACION NEUQUINA PARA LA VICTORIA,CONCERTACIÓN NEUQUINA PARA LA VICTORIA,batch_lookup,True
CONCERTACION PARA EL DESARROLLO,ALIANZA CONCERTACION PARA EL DESARROLLOB,batch_lookup,True
CONCERTACION PLURAL,CONCERTACIÓN PLURAL,batch_lookup,True
CONCERTACION PROGRESISTA,ALIANZA CONCERTACIÓN PROGRESISTAD,batch_lookup,True
CONCERTACION UNA NACION AVANZADA,ALIANZA CONCERTACION UNA NACION AVANZADA,batch_lookup,True
CONF FRENTE AMPLIO FORMOSEÑO,CONF FRENTE AMPLIO FORMOSEÑO,direct_match,
CONFEDERACION FEDERALISTA INDEPENDIENTE,CONFEDERACION FEDERALISTA INDEPENDIENTE,direct_match,
CONFEDERACION FORMOSEÑA FRENTE POR TODOS,CONFEDERACION FORMOSEÑA FRENTE POR TODOS,direct_match,
CONFEDERACION FRENTE AMPLIO FORMOSEÑO,CONFEDERACION FRENTE AMPLIO FORMOSEÑO,direct_match,
CONFEDERACION POLITICA Y SOCIAL,CONFEDERACION POLITICA Y SOCIAL,direct_match,
CONFIANZA PUBLICA,CONFIANZA PUBLICA,direct_match,
CONSENSO FEDERAL,CONSENSO FEDERAL,direct_match,
CONSERVADOR POPULAR,CONSERVADOR POPULAR,direct_match,
CONVERGENCIA,ALIANZA CONVERGENCIA,batch_lookup,True
CONVERGENCIA POR SANTA CRUZ,CONVERGENCIA POR SANTA CRUZ,direct_match,
CONVERGENCIA RIOJANA,CONVERGENCIA RIOJANA,direct_match,
CONVOCATORIA INDEPENDIENTE,CONVOCATORIA INDEPENDIENTE,direct_match,
CORDOBA CAMBIA,CÓRDOBA CAMBIA,batch_lookup,True
CORDOBA PODEMOS,CÓRDOBA PODEMOS,batch_lookup,True
CORRENTINA,ALIANZA CORRENTINA,batch_lookup,True
CORRIENTE PATRIA LIBRE,CORRIENTE PATRIA LIBRE,direct_match,
CORRIENTES CRECE,ALIANZA CORRIENTES CRECE,batch_lookup,True
CREER,ALIANZA CREER,batch_lookup,True
CREO EN CORDOBA DE TODOS,CREO EN CÓRDOBA DE TODOS,batch_lookup,True
CRUZADA RENOVADORA,CRUZADA RENOVADORA,direct_match,
CUMPLIR,CUMPLIR,direct_match,
DE LA CIUDAD,DE LA CIUDAD,direct_match,
DE LA CONCERTACION FORJA,DE LA CONCERTACIÓN FORJA,batch_lookup,True
DE LA CORRIENTE RENOVADORA,DE LA CORRIENTE RENOVADORA,direct_match,
DE LA LEALTAD SANLUISEÑA,DE LA LEALTAD SANLUISEÑA,direct_match,
DE LA REVOLUCION DEMOCRATICA,DE LA REVOLUCION DEMOCRATICA,direct_match,
DE LA VICTORIA,DE LA VICTORIA,direct_match,
DEFENSA PROVINCIAL BANDERA BLANCA,DEFENSA PROVINCIAL BANDERA BLANCA,direct_match,
DEL OBRERO,DEL OBRERO,direct_match,
DEMOCRATA,DEMOCRATA,direct_match,
DEMOCRATA CRISTIANO,DEMOCRATA CRISTIANO,direct_match,
DEMOCRATA DE MENDOZA,DEMOCRATA DE MENDOZA,direct_match,
DEMOCRATA LIBERAL,DEMOCRATA LIBERAL,direct_match,
DEMOCRATA PROGRESISTA,DEMOCRATA PROGRESISTA,direct_match,
DEMOCRATA PROGRESISTA- CONTRA LA CORRUPCION,DEMOCRATA PROGRESISTA- CONTRA LA CORRUPCION,direct_match,
DESARROLLO Y LIBERTAD,DESARROLLO Y LIBERTAD,direct_match,
DIALOGO POR BUENOS AIRES,ALIANZA DIALOGO POR BUENOS AIRES,batch_lookup,True
DIALOGO POR LA CIUDAD,ALIANZA DIÁLOGO POR LA CIUDAD,batch_lookup,True
ECO + VAMOS CORRIENTES,ECO + VAMOS CORRIENTES,direct_match,
EL FRENTE Y LA PARTICIPACION NEUQUINA,EL FRENTE Y LA PARTICIPACION NEUQUINA,direct_match,
ELEGI MENDOZA,ELEGÍ MENDOZA,batch_lookup,True
ENCUENTRO PARA LOS RIONEGRINOS,ALIANZA ENCUENTRO PARA LOS RIONEGRINOSB,batch_lookup,True
ENCUENTRO POR CORRIENTES,ENCUENTRO POR CORRIENTES,direct_match,
ENCUENTRO POR CORRIENTES - ECO,ENCUENTRO POR CORRIENTES - ECO,direct_match,
ENCUENTRO POR CORRIENTES-ECO,ENCUENTRO POR CORRIENTES-ECO,direct_match,
ENCUENTRO POR CORRIENTES-ECO + CAMBIEMOS,ALIANZA ENCUENTRO POR CORRIENTES-ECO + CAMBIEMOS,batch_lookup,True
ENCUENTRO SANTACRUCEÑO,ENCUENTRO SANTACRUCEÑO,direct_match,
ENCUENTRO VECINAL CORDOBA,ENCUENTRO VECINAL CÓRDOBA,batch_lookup,True
ENERGIA CIUDADANA Y ORGANIZADA -ECO,ALIANZA ENERGIA CIUDADANA Y ORGANIZADA -ECOB,batch_lookup,True
EVOLUCION,ALIANZA EVOLUCIÓN,batch_lookup,True
FEDERAL,FEDERAL,direct_match,
FRENTE ACCION PROVINCIANA,FRENTE ACCION PROVINCIANA,direct_match,
FRENTE ACUERDO CIVICO Y SOCIAL,ALIANZA FRENTE ACUERDO CIVICO Y SOCIAL,batch_lookup,True
FRENTE ALTERNATIVA NEUQUINA,ALIANZA FRENTE ALTERNATIVA NEUQUINA,batch_lookup,True
FRENTE ALTERNATIVA PAMPEANAA,ALIANZA FRENTE ALTERNATIVA PAMPEANAA,batch_lookup,True
FRENTE AMPLIO CATAMARQUEÑO,FRENTE AMPLIO CATAMARQUEÑO,direct_match,
FRENTE AMPLIO POR LA SOBERANIA,FRENTE AMPLIO POR LA SOBERANIA,direct_match,
FRENTE AMPLIO PROGRESISTA,FRENTE AMPLIO PROGRESISTA,direct_match,
FRENTE ANTICORRUPCION,FRENTE ANTICORRUPCION,direct_match,
FRENTE BONAERENSE AUTONOMISTA AUTENTICO,FRENTE BONAERENSE AUTONOMISTA AUTENTICO,direct_match,
FRENTE CAMBIA JUJUY,FRENTE CAMBIA JUJUY,direct_match,
FRENTE CAMBIA MENDOZA,FRENTE CAMBIA MENDOZA,direct_match,
FRENTE CAMBIEMOS,ALIANZA FRENTE CAMBIEMOS,batch_lookup,True
FRENTE CAMBIEMOS LA PAMPA,FRENTE CAMBIEMOS LA PAMPA,direct_match,
FRENTE CAMBIEMOS PARA CRECER,FRENTE CAMBIEMOS PARA CRECER,direct_match,
FRENTE CHACARERO MUNICIPAL,FRENTE CHACARERO MUNICIPAL,direct_match,
FRENTE CHACO MERECE MAS,FRENTE CHACO MERECE MAS,direct_match,
FRENTE CHAQUEÑO,FRENTE CHAQUEÑO,direct_match,
FRENTE CIUDADANO PARA LA VICTORIA,FRENTE CIUDADANO PARA LA VICTORIA,direct_match,
FRENTE CIVICO,ALIANZA FRENTE CIVICO,batch_lookup,True
FRENTE CIVICO FEDERAL MENDOZA,ALIANZA FRENTE CÍVICO FEDERAL MENDOZA,batch_lookup,True
FRENTE CIVICO FEDERAL-UCR-CONFE,ALIANZA FRENTE CIVICO FEDERAL-UCR-CONFE,batch_lookup,True
FRENTE CIVICO JUJEÑO,ALIANZA FRENTE CIVICO JUJEÑO,batch_lookup,True
FRENTE CIVICO PARA UNA REPUBLICA DE IGUALES,ALIANZA FRENTE CIVICO PARA UNA REPUBLICA DE IGUALES,batch_lookup,True
FRENTE CIVICO POR SANTIAGO,FRENTE CIVICO POR SANTIAGO,direct_match,
FRENTE CIVICO RADICAL INTRANSIGENTE,ALIANZA FRENTE CIVICO RADICAL INTRANSIGENTEC,batch_lookup,True
FRENTE CIVICO Y SOCIAL,FRENTE CIVICO Y SOCIAL,direct_match,
FRENTE CIVICO Y SOCIAL - FRENTE PARA LA VICTORIA,ALIANZA FRENTE CÍVICO Y SOCIAL - FRENTE PARA LA VICTORIA,batch_lookup,True
FRENTE CIVICO Y SOCIAL CAMBIEMOS,FRENTE CIVICO Y SOCIAL CAMBIEMOS,direct_match,
FRENTE CIVICO Y SOCIAL CORRENTINO,FRENTE CIVICO Y SOCIAL CORRENTINO,direct_match,
FRENTE CIVICO Y SOCIAL DE CATAMARCA,FRENTE CÍVICO Y SOCIAL DE CATAMARCA,batch_lookup,True
FRENTE CIVICO Y SOCIAL – CAMBIEMOS,FRENTE CIVICO Y SOCIAL CAMBIEMOS,batch_lookup,True
FRENTE COALICION CIVICA,COALICION CIVICA,batch_lookup,True
FRENTE COMPROMISO CORRENTINO,ALIANZA FRENTE COMPROMISO CORRENTINO,batch_lookup,True
FRENTE COMPROMISO PARA EL CAMBIO,ALIANZA FRENTE COMPROMISO PARA EL CAMBIO,batch_lookup,True
FRENTE COMPROMISO SOCIAL,FRENTE COMPROMISO SOCIAL,direct_match,
FRENTE CON TODOS,FRENTE CON TODOS,direct_match,
FRENTE CON VOS,FRENTE CON VOS,direct_match,
FRENTE CORRENTINOS POR EL CAMBIO,ALIANZA FRENTE CORRENTINOS POR EL CAMBIO,batch_lookup,True
FRENTE CORRIENTE RENOVADORA,FRENTE CORRIENTE RENOVADORA,direct_match,
FRENTE CORRIENTES DE TODOS,FRENTE CORRIENTES DE TODOS,direct_match,
FRENTE CORRIENTES PODEMOS MAS,ALIANZA FRENTE CORRIENTES PODEMOS MAS,batch_lookup,True
FRENTE CRUZADA Y LEALTAD,FRENTE CRUZADA Y LEALTAD,direct_match,
FRENTE DE INTEGRACION SOCIAL PARA UN CAMBIO EN LIBERTAD,FRENTE DE INTEGRACION SOCIAL PARA UN CAMBIO EN LIBERTAD,direct_match,
FRENTE DE IZQUIERDA Y DE LOS TRABAJADORES,FRENTE DE IZQUIERDA Y DE LOS TRABAJADORES,direct_match,
FRENTE DE IZQUIERDA Y DE LOS TRABAJADORES - UNIDAD,FRENTE DE IZQUIERDA Y DE LOS TRABAJADORES - UNIDAD,direct_match,
FRENTE DE IZQUIERDA Y DE LOS TRABAJADORES UNIDAD,FRENTE DE IZQUIERDA Y DE LOS TRABAJADORES UNIDAD,direct_match,
FRENTE DE IZQUIERDA Y DE TRABAJADORES,FRENTE DE IZQUIERDA Y DE TRABAJADORES,direct_match,
FRENTE DE IZQUIERDA Y DE TRABAJADORES - UNIDAD,FRENTE DE IZQUIERDA Y DE TRABAJADORES - UNIDAD,direct_match,
FRENTE DE IZQUIERDA Y LOS TRABAJADORES,FRENTE DE IZQUIERDA Y LOS TRABAJADORES,direct_match,
FRENTE DE IZQUIERDA – PO–PTS,FRENTE DE IZQUIERDA – PO–PTS,direct_match,
FRENTE DE LA CORRIENTE RENOVADORA,FRENTE DE LA CORRIENTE RENOVADORA,direct_match,
FRENTE DE LA ESPERANZA,FRENTE DE LA ESPERANZA,direct_match,
FRENTE DE LA ESPERANZA PORTEÑA,ALIANZA FRENTE DE LA ESPERANZA PORTEÑA,batch_lookup,True
FRENTE DE LA GENTE,FRENTE DE LA GENTE,direct_match,
FRENTE DE LA UNIDAD,FRENTE DE LA UNIDAD,direct_match,
FRENTE DE LA VICTORIA JUSTICIALISTA,FRENTE DE LA VICTORIA JUSTICIALISTA,direct_match,
FRENTE DE TODOS,FRENTE DE TODOS,direct_match,
FRENTE DE TODOS - JUSTICIALISTA,FRENTE DE TODOS - PARTIDO JUSTICIALISTA,batch_lookup,True
FRENTE DE TODOS NEUQUINO,FRENTE DE TODOS NEUQUINO,direct_match,
FRENTE DE TODOS POR TUCUMAN,FRENTE DE TODOS POR TUCUMÁN,batch_lookup,True
FRENTE DE UNIDAD JUSTICIALISTA,FRENTE DE UNIDAD JUSTICIALISTA,direct_match,
FRENTE DE UNIDAD PROVINCIAL,FRENTE DE UNIDAD PROVINCIAL,direct_match,
FRENTE DE UNION PARA EL CAMBIO,ALIANZA FRENTE DE UNION PARA EL CAMBIO,batch_lookup,True
FRENTE DEL PUEBLO,FRENTE DEL PUEBLO,direct_match,
FRENTE DEL PUEBLO CHILECITEÑO,ALIANZA FRENTE DEL PUEBLO CHILECITEÑO,batch_lookup,True
FRENTE DEL PUEBLO RIOJANO,FRENTE DEL PUEBLO RIOJANO,direct_match,
FRENTE DEMOCRATA-PRO,ALIANZA FRENTE DEMOCRATA-PRO,batch_lookup,True
FRENTE DEPARTAMENTAL FACUNDO QUIROGA,FRENTE DEPARTAMENTAL FACUNDO QUIROGA,direct_match,
FRENTE ENCUENTRO CIVICO POR SANTIAGO,FRENTE ENCUENTRO CIVICO POR SANTIAGO,direct_match,
FRENTE ENCUENTRO POPULAR AGRARIO Y SOCIAL PARA LA VICTORIA,ALIANZA FRENTE ENCUENTRO POPULAR AGRARIO Y SOCIAL PARA LA VICTORIAC,batch_lookup,True
FRENTE ENCUENTRO POR LA RIOJA,FRENTE ENCUENTRO POR LA RIOJA,direct_match,
FRENTE ENTRERRIANO FEDERAL,ALIANZA FRENTE ENTRERRIANO FEDERAL,batch_lookup,True
FRENTE ESPERANZA NUEVA CATAMARCA,ALIANZA FRENTE ESPERANZA NUEVA CATAMARCA,batch_lookup,True
FRENTE FEDERAL,FRENTE FEDERAL,direct_match,
FRENTE FEDERAL CIVICO Y SOCIAL,ALIANZA FRENTE FEDERAL CÍVICO Y SOCIAL,batch_lookup,True
FRENTE FEDERAL SANTACRUCEÑO,ALIANZA FRENTE FEDERAL SANTACRUCEÑO,batch_lookup,True
FRENTE FUNDACIONAL,FRENTE FUNDACIONAL,direct_match,
FRENTE FUNDACIONAL DE TUCUMAN,FRENTE FUNDACIONAL DE TUCUMAN,direct_match,
FRENTE GRANDE,FRENTE GRANDE,direct_match,
FRENTE INTEGRADOR,FRENTE INTEGRADOR,direct_match,
FRENTE INTEGRADOR NEUQUINO,FRENTE INTEGRADOR NEUQUINO,direct_match,
FRENTE IZQUIERDA Y DE TRABAJADORES -UNIDAD,FRENTE DE IZQUIERDA Y TRABAJADORES UNIDAD,batch_lookup,True
FRENTE JUJEÑO,ALIANZA FRENTE JUJEÑO,batch_lookup,True
FRENTE JUNTOS,FRENTE JUNTOS,direct_match,
FRENTE JUNTOS POR EL CAMBIO,FRENTE JUNTOS POR EL CAMBIO,direct_match,
FRENTE JUNTOS POR EL CAMBIO LA PAMPA,FRENTE JUNTOS POR EL CAMBIO LA PAMPA,direct_match,
FRENTE JUNTOS POR JUJUY,FRENTE JUNTOS POR JUJUY,direct_match,
FRENTE JUNTOS POR SAN LUIS,FRENTE JUNTOS POR SAN LUIS,direct_match,
FRENTE JUSTICIALISTA,FRENTE JUSTICIALISTA,direct_match,
FRENTE JUSTICIALISTA BONAERENSE,ALIANZA FRENTE JUSTICIALISTA BONAERENSE,batch_lookup,True
FRENTE JUSTICIALISTA BONAERENSEB,ALIANZA FRENTE JUSTICIALISTA BONAERENSEB,batch_lookup,True
FRENTE JUSTICIALISTA COMPROMISO POR MENDOZA,ALIANZA FRENTE JUSTICIALISTA COMPROMISO POR MENDOZAA,batch_lookup,True
FRENTE JUSTICIALISTA CREER ENTRE RIOS,FRENTE JUSTICIALISTA CREER ENTRE RÍOS,batch_lookup,True
FRENTE JUSTICIALISTA DE LA DIGNIDAD,FRENTE JUSTICIALISTA DE LA UNIDAD,batch_lookup,True
FRENTE JUSTICIALISTA DE LA RENOVACION,FRENTE JUSTICIALISTA DE LA RENOVACION,direct_match,
FRENTE JUSTICIALISTA DE LA UNIDAD,FRENTE JUSTICIALISTA DE LA UNIDAD,direct_match,
FRENTE JUSTICIALISTA DE LIBERACION,FRENTE JUSTICIALISTA DE LIBERACION,direct_match,
FRENTE JUSTICIALISTA DE LIBERACIONA,FRENTE JUSTICIALISTA DE LIBERACION,batch_lookup,True
FRENTE JUSTICIALISTA DESARROLLO Y ESPERANZA,FRENTE JUSTICIALISTA DESARROLLO Y ESPERANZA,direct_match,
FRENTE JUSTICIALISTA ENTRERRIANO,FRENTE JUSTICIALISTA ENTRERRIANO,direct_match,
FRENTE JUSTICIALISTA FEDERAL,FRENTE JUSTICIALISTA FEDERAL,direct_match,
FRENTE JUSTICIALISTA PAMPEANO,FRENTE JUSTICIALISTA PAMPEANO,direct_match,
FRENTE JUSTICIALISTA PARA LA VICTORIA,FRENTE JUSTICIALISTA PARA LA VICTORIA,direct_match,
FRENTE JUSTICIALISTA PARA LA VICTORIA -JUSTICIALISTA,FRENTE JUSTICIALISTA PARA LA VICTORIA -PARTIDO JUSTICIALISTA,batch_lookup,True
FRENTE JUSTICIALISTA POPULAR,FRENTE JUSTICIALISTA POPULAR,direct_match,
FRENTE JUSTICIALISTA POPULAR SANTACRUCEÑO,FRENTE JUSTICIALISTA POPULAR SANTACRUCEÑO,direct_match,
FRENTE JUSTICIALISTA POR LA DIGNIDAD,ALIANZA FRENTE JUSTICIALISTA POR LA DIGNIDAD,batch_lookup,True
FRENTE JUSTICIALISTA RENOVADOR,FRENTE JUSTICIALISTA RENOVADOR,direct_match,
FRENTE JUSTICIALISTA RENOVADOR PARA LA VICTORIA,FRENTE JUSTICIALISTA RENOVADOR PARA LA VICTORIA,direct_match,
FRENTE JUSTICIALISTA TODOS PARA EL CAMBIO,ALIANZA FRENTE JUSTICIALISTA TODOS PARA EL CAMBIO,batch_lookup,True
FRENTE JUSTICIALISTAPARA EL CAMBIO,ALIANZA FRENTE JUSTICIALISTAPARA EL CAMBIO,batch_lookup,True
FRENTE LA FUERZA DE TODOS,FRENTE LA FUERZA DE TODOS,direct_match,
FRENTE MAS BUENOS AIRES,ALIANZA FRENTE MAS BUENOS AIRES,batch_lookup,True
FRENTE MEMORIA Y MOVILIZACION,FRENTE MEMORIA Y MOVILIZACIÓN,batch_lookup,True
FRENTE MERCEDINOS POR EL CAMBIO,ALIANZA FRENTE MERCEDINOS POR EL CAMBIO,batch_lookup,True
FRENTE MERCEDINOS Y SANLUISEÑOS POR EL CAMBIO,FRENTE MERCEDINOS Y SANLUISEÑOS POR EL CAMBIO,direct_match,
FRENTE MOVIMIENTO POPULAR,FRENTE MOVIMIENTO POPULAR,direct_match,
FRENTE MOVIMIENTO VIDA Y COMPROMISO,MOVIMIENTO VIDA Y COMPROMISO,batch_lookup,True
FRENTE NUEVO,FRENTE NUEVO,direct_match,
FRENTE NUEVO NEUQUEN,FRENTE NUEVO NEUQUÉN,batch_lookup,True
FRENTE OLMEDO GOBERNADOR,FRENTE OLMEDO GOBERNADOR,direct_match,
FRENTE PAIS SOLIDARIO,FRENTE PAIS SOLIDARIO,direct_match,
FRENTE PAIS SOLIDARIO - MOVIMIENTO DE RENOVACION CIVICA,FRENTE PAIS SOLIDARIO - SOCIALISTA AUTENTICO,batch_lookup,True
FRENTE PAMPEANO CIVICO Y SOCIAL,ALIANZA FRENTE PAMPEANO CÍVICO Y SOCIAL,batch_lookup,True
FRENTE PAMPEANO PARA LA VICTORIA,FRENTE PAMPEANO PARA LA VICTORIA,direct_match,
FRENTE PARA EL CAMBIO,FRENTE PARA EL CAMBIO,direct_match,
FRENTE PARA LA COMUNIDAD ORGANIZADA,ALIANZA FRENTE PARA LA COMUNIDAD ORGANIZADAB,batch_lookup,True
FRENTE PARA LA VICTORIA,FRENTE PARA LA VICTORIA,direct_match,
FRENTE PARA LA VICTORIA - ARI - MID - ACCION DESARROLLISTA,ALIANZA FRENTE PARA LA VICTORIA - ARI - MID - ACCIÓN DESARROLLISTA,batch_lookup,True
FRENTE PARA LA VICTORIA - RENOVADOR DE SALTA,ALIANZA FRENTE PARA LA VICTORIA - RENOVADOR DE SALTAB,batch_lookup,True
FRENTE PARA LA VICTORIA DISTRITO RIO NEGRO,ALIANZA FRENTE PARA LA VICTORIA,batch_lookup,True
FRENTE PARA LA VICTORIA SANTACRUCEÑA,FRENTE PARA LA VICTORIA SANTACRUCEÑA,direct_match,
FRENTE PARA LA VICTORIA Y LA JUSTICIA SOCIAL,ALIANZA FRENTE PARA LA VICTORIA Y LA JUSTICIA SOCIAL,batch_lookup,True
FRENTE PARA LOS CORRENTINOS,FRENTE PARA LOS CORRENTINOS,direct_match,
FRENTE PARE LA VICTORIA,FREN PARA LA VICTORIA,batch_lookup,True
FRENTE PATRIOTICO CHUBUTENSE,ALIANZA FRENTE PATRIÓTICO CHUBUTENSE,batch_lookup,True
FRENTE PATRIOTICO LABORISTA,FRENTE PATRIOTICO LABORISTA,direct_match,
FRENTE PLURAL,FRENTE PLURAL,direct_match,
FRENTE POLITICO Y SOCIAL ELEGI,FRENTE POLÍTICO Y SOCIAL ELEGÍ,batch_lookup,True
FRENTE POLO SOCIAL,FRENTE POLO SOCIAL,direct_match,
FRENTE POPULAR,FRENTE POPULAR,direct_match,
FRENTE POPULAR BONAERENSE,ALIANZA FRENTE POPULAR BONAERENSE,batch_lookup,True
FRENTE POPULAR POR SALTA,ALIANZA FRENTE POPULAR POR SALTA,batch_lookup,True
FRENTE POPULAR SALTEÑO,FRENTE POPULAR SALTEÑO,direct_match,
"FRENTE POPULAR, AGRARIO Y SOCIAL","FRENTE POPULAR, AGRARIO Y SOCIALC",batch_lookup,True
FRENTE POR EL FUTURO,FRENTE POR EL FUTURO,direct_match,
FRENTE POR LA DIGNIDAD,FRENTE POR LA DIGNIDAD,direct_match,
"FRENTE POR LA SALUD, EDUCACION Y TRABAJO SETD","FRENTE POR LA SALUD, EDUCACIÓN Y TRABAJO SETD",batch_lookup,True
FRENTE PRIMERO JUJUY,FRENTE PRIMERO JUJUY,direct_match,
FRENTE PRIMERO JUJUYB,FRENTE PRIMERO JUJUY,batch_lookup,True
FRENTE PROGRESISTA CIVICO Y SOCIAL,FRENTE PROGRESISTA CIVICO Y SOCIAL,direct_match,
FRENTE PROGRESISTA POR LA IGUALDAD Y LA REPUBLICA,ALIANZA FRENTE PROGRESISTA POR LA IGUALDAD Y LA REPÚBLICAC,batch_lookup,True
FRENTE PROGRESISTA Y POPULAR,FRENTE PROGRESISTA Y POPULAR,direct_match,
"FRENTE PROGRESISTA, CIVICO Y SOCIAL","FRENTE PROGRESISTA, CIVICO Y SOCIAL",direct_match,
FRENTE PROVINCIA UNIDA,ALIANZA FRENTE PROVINCIA UNIDA,batch_lookup,True
FRENTE PROYECTO CORRIENTES,FRENTE PROYECTO CORRIENTES,direct_match,
"FRENTE RADICAL DEMOCRATICO, CIVICO Y SOCIAL","ALIANZA FRENTE RADICAL DEMOCRATICO, CIVICO Y SOCIALC",batch_lookup,True
FRENTE RENOVADOR,FRENTE RENOVADOR,direct_match,
FRENTE RENOVADOR 1PAIS,FRENTE RENOVADOR 1PAISC,batch_lookup,True
FRENTE RENOVADOR DE LA CONCORDIA,FRENTE RENOVADOR DE LA CONCORDIA,direct_match,
FRENTE RENOVADOR FEDERAL,FRENTE RENOVADOR FEDERAL,direct_match,
FRENTE RENOVADOR JUSTICIALISTA,FRENTE RENOVADOR JUSTICIALISTA,direct_match,
FRENTE RENOVADOR Y PROGRESISTA,FRENTE RENOVADOR Y PROGRESISTA,direct_match,
FRENTE ROMERO + OLMEDO,FRENTE ROMERO + OLMEDO,direct_match,
FRENTE SAENZ GOBERNADOR,FRENTE SÁENZ GOBERNADOR,batch_lookup,True
FRENTE SALTEÑO,FRENTE SALTEÑO,direct_match,
FRENTE SAN JUAN PRIMERO,FRENTE SAN JUAN PRIMERO,direct_match,
FRENTE SANTA FE PARA TODOS,FRENTE SANTA FE PARA TODOS,direct_match,
FRENTE SOCIAL ENTRE RIOS TIENE FUTURO,ALIANZA FRENTE SOCIAL ENTRE RIOS TIENE FUTURO,batch_lookup,True
FRENTE SOCIAL Y POPULAR,FRENTE SOCIAL Y POPULAR,direct_match,
FRENTE SOCIAL YPRODUCTIVO,ALIANZA FRENTE SOCIAL YPRODUCTIVO,batch_lookup,True
FRENTE SOMOS MENDOZA,FRENTE SOMOS MENDOZA,direct_match,
FRENTE TERCERA POSICION,FRENTE TERCERA POSICION,direct_match,
FRENTE TERCERA POSICION - UNIDAD CATAMARQUEÑA,ALIANZA FRENTE TERCERA POSICION - UNIDAD CATAMARQUEÑA,batch_lookup,True
FRENTE TODOS,FRENTE TODOS,direct_match,
FRENTE UCR - UNEN - PS,FRENTE UCR - UNEN - PS,direct_match,
FRENTE UNE - SOCIALISTA,FRENTE UNE - SOCIALISTA,direct_match,
FRENTE UNIDAD CATAMARQUEÑA,ALIANZA FRENTE UNIDAD CATAMARQUEÑA,batch_lookup,True
FRENTE UNIDAD CIUDADANA,FRENTE UNIDAD CIUDADANA,direct_match,
FRENTE UNIDAD JUSTICIALISTA SAN LUIS,FRENTE UNIDAD JUSTICIALISTA SAN LUIS,direct_match,
FRENTE UNIDAD PROVINCIAL,FRENTE UNIDAD PROVINCIAL,direct_match,
FRENTE UNIDAD Y RENOVACION,FRENTE UNIDAD Y RENOVACIÓN,batch_lookup,True
FRENTE UNIDOS POR CATAMARCA,ALIANZA FRENTE UNIDOS POR CATAMARCA,batch_lookup,True
FRENTE UNIDOS POR CORRIENTES,ALIANZA JUNTOS POR CORRIENTES,batch_lookup,True
FRENTE UNIDOS UNA,FRENTE UNIDOS UNA,direct_match,
FRENTE UNIDOS Y ORGANIZADOS POR LA SOBERANIA POPULAR,ALIANZA FRENTE UNIDOS Y ORGANIZADOS POR LA SOBERANIA POPULAR,batch_lookup,True
FRENTE UNION CHUBUT SOMOS TODOS,ALIANZA FRENTE UNION CHUBUT SOMOS TODOS,batch_lookup,True
FRENTE UNION CIVICA RADICAL,FRENTE UNION CIVICA RADICAL,direct_match,
FRENTE UNION POR TUCUMAN,FRENTE UNION POR TUCUMAN,direct_match,
FRENTE UNION PRO,FRENTE UNIÓN PRO,batch_lookup,True
FRENTE UNION PRO DIGNIDAD,ALIANZA FRENTE UNIÓN PRO DIGNIDAD,batch_lookup,True
FRENTE VAMOS JUNTOS,FRENTE VAMOS JUNTOS,direct_match,
FRENTE VANGUARDIA FEDERAL - DEMOCRATA CRISTIANO,ALIANZA FRENTE VANGUARDIA FEDERAL - DEMOCRATA CRISTIANO,batch_lookup,True
FUERZA CIVICA RIOJANA,FUERZA CÍVICA RIOJANA,batch_lookup,True
FUERZA DE UNIDAD POPULAR,FUERZA DE UNIDAD POPULAR,direct_match,
FUERZA NUEVA,FUERZA NUEVA,direct_match,
FUERZA POPULAR,ALIANZA FUERZA POPULAR,batch_lookup,True
FUERZA PORTEÑA,ALIANZA FUERZA PORTEÑA,batch_lookup,True
FUERZA REPUBLICANA,FUERZA REPUBLICANA,direct_match,
FUERZA REPUBLICANA FEDERAL,ALIANZA FUERZA REPUBLICANA FEDERALB,batch_lookup,True
FUERZA SAN LUIS,FUERZA SAN LUIS,direct_match,
GANA SALTA,GANA SALTA,direct_match,
GENERACION PARA UN ENCUENTRO NACIONAL,GENERACIÓN PARA UN ENCUENTRO NACIONAL,batch_lookup,True
GUSTAVO GOBERNADOR,ALIANZA GUSTAVO GOBERNADOR,batch_lookup,True
HACEMOS POR CORDOBA,HACEMOS POR CÓRDOBA,batch_lookup,True
HACEMOS UNIDOS POR CORDOBA,HACEMOS UNIDOS POR CÓRDOBA,batch_lookup,True
HAY FUTURO LA RIOJA,HAY FUTURO LA RIOJA,direct_match,
"HONESTIDAD, TRABAJO Y EFICIENCIA","ALIANZA HONESTIDAD, TRABAJO Y EFICIENCIA",batch_lookup,True
IDENTIDAD SALTEÑA,PARTIDO IDENTIDAD SALTEÑA,batch_lookup,True
IGUALDAD Y PARTICIPACION,IGUALDAD Y PARTICIPACION,direct_match,
INDEPENDENCIA FEDERAL,INDEPENDENCIA FEDERAL,direct_match,
INTRANSIGENTE,INTRANSIGENTE,direct_match,
IZQUIERDA POR UNA OPCION SOCIALISTA,IZQUIERDA POR UNA OPCIÓN SOCIALISTA,batch_lookup,True
IZQUIERDA UNIDA,IZQUIERDA UNIDA,direct_match,
JUNTOS,JUNTOS,direct_match,
JUNTOS AVANCEMOS,JUNTOS AVANCEMOS,direct_match,
JUNTOS POR CORDOBA,JUNTOS POR CÓRDOBA,batch_lookup,True
JUNTOS POR EL CAMBIO,JUNTOS POR EL CAMBIO,direct_match,
JUNTOS POR EL CAMBIO NEUQUEN,JUNTOS POR EL CAMBIO NEUQUÉN,batch_lookup,True
JUNTOS POR ENTRE RIOS,JUNTOS POR ENTRE RÍOS,batch_lookup,True
JUNTOS POR LA GENTE,JUNTOS POR LA GENTE,direct_match,
JUNTOS POR LA RIOJA,JUNTOS POR LA RIOJA,direct_match,
JUNTOS POR SAN JUAN,JUNTOS POR SAN JUAN,direct_match,
JUNTOS SOMOS RIO NEGRO,JUNTOS SOMOS RÍO NEGRO,batch_lookup,True
JUSTICIALISTA,JUSTICIALISTA,direct_match,
JUSTICIALISTA - FRENTE PARA LA VICTORIA SANTACRUCEÑA,JUSTICIALISTA - FRENTE PARA LA VICTORIA SANTACRUCEÑA,direct_match,
JUSTICIALISTA - UNION DE CENTRO DEMOCRATICO,JUSTICIALISTA - UNION DE CENTRO DEMOCRATICO,direct_match,
JUSTICIALISTA ES POSIBLE,ALIANZA PARTIDO JUSTICIALISTA ES POSIBLE,batch_lookup,True
LA LIBERTAD AVANZA,LA LIBERTAD AVANZA,direct_match,
LA UNION MENDOCINA,LA UNIÓN MENDOCINA,batch_lookup,True
LABORISTA DE TUCUMAN,LABORISTA DE TUCUMAN,direct_match,
LEALTAD Y DIGNIDAD,LEALTAD Y DIGNIDAD,direct_match,
LEMA JUSTICIALISTA,LEMA JUSTICIALISTA,direct_match,
LEMA RIOJANO PARA EL TRABAJO Y LA PRODUCCIONA,LEMA RIOJANO PARA EL TRABAJO Y LA PRODUCCIONA,direct_match,
LIBERAL,LIBERAL,direct_match,
LIBERTAD TRABAJO Y PROGRESO,LIBERTAD TRABAJO Y PROGRESO,direct_match,
LIBRE EN MOVIMIENTO,LIBRE EN MOVIMIENTO,direct_match,
MARA,ALIANZA MARA,batch_lookup,True
MAS PARA ENTRE RIOS,MÁS PARA ENTRE RÍOS,batch_lookup,True
MAS VOCACION SANLUISEÑ,ALIANZA MAS VOCACIÓN SANLUISEÑA,batch_lookup,True
MEMORIA Y MOVILIZACION SOCIAL,MEMORIA Y MOVILIZACION SOCIAL,direct_match,
MOVILIZACION,MOVILIZACION,direct_match,
MOVIMIENTO ACCION POPULAR,MOVIMIENTO ACCION POPULAR,direct_match,
MOVIMIENTO AFIRMACION POPULAR,MOVIMIENTO ACCION POPULAR,batch_lookup,True
MOVIMIENTO CIVICO Y SOCIAL,MOVIMIENTO CIVICO Y SOCIAL,direct_match,
MOVIMIENTO DE ACCION POPULAR,MOVIMIENTO DE ACCION POPULAR,direct_match,
MOVIMIENTO DE ACCION VECINAL,MOVIMIENTO DE ACCION VECINAL,direct_match,
MOVIMIENTO DE INTEGRACION Y DESARROLLO,MOVIMIENTO DE INTEGRACION Y DESARROLLO,direct_match,
MOVIMIENTO FEDERALISTA PAMPEANO,MOVIMIENTO FEDERALISTA PAMPEANO,direct_match,
MOVIMIENTO GENERACIONAL PORTEÑO,MOVIMIENTO GENERACIONAL PORTEÑO,direct_match,
MOVIMIENTO INDEPENDIENTE JUSTICIA Y DIGNIDAD,MOVIMIENTO INDEPENDIENTE JUSTICIA Y DIGNIDAD,direct_match,
MOVIMIENTO LIBRES DEL SUR,MOVIMIENTO LIBRES DEL SUR,direct_match,
MOVIMIENTO LINEA POPULAR,MOVIMIENTO LINEA POPULAR,direct_match,
MOVIMIENTO NORTE GRANDE,MOVIMIENTO NORTE GRANDE,direct_match,
MOVIMIENTO PATRIOTICO DE LIBERACION,MOVIMIENTO PATRIOTICO DE LIBERACION,direct_match,
MOVIMIENTO POPULAR,MOVIMIENTO POPULAR,direct_match,
MOVIMIENTO POPULAR FUEGUINO,MOVIMIENTO POPULAR FUEGUINO,direct_match,
MOVIMIENTO POPULAR JUJEÑO,MOVIMIENTO POPULAR JUJEÑO,direct_match,
MOVIMIENTO POPULAR MALVINENSE,MOVIMIENTO POPULAR MALVINENSE,direct_match,
MOVIMIENTO POPULAR NEUQUINO,MOVIMIENTO POPULAR NEUQUINO,direct_match,
MOVIMIENTO POPULAR UNIDO,MOVIMIENTO POPULAR UNIDO,direct_match,
MOVIMIENTO POR LA DIGNIDAD Y LA INDEPENDENCIA,MOVIMIENTO POR LA DIGNIDAD Y LA INDEPENDENCIA,direct_match,
MOVIMIENTO REGIONAL DEL PUEBLO,MOVIMIENTO REGIONAL DEL PUEBLO,direct_match,
MOVIMIENTO SOCIALISTA DE LOS TRABAJADORES,MOVIMIENTO SOCIALISTA DE LOS TRABAJADORES,direct_match,
MOVIMIENTO TERCERA POSICION,MOVIMIENTO TERCERA POSICION,direct_match,
MOVIMIENTO UNIDAD RENOVADORA,MOVIMIENTO UNIDAD RENOVADORA,direct_match,
MOVIMIENTO VIABLE,MOVIMIENTO VIABLE,direct_match,
MST-NUEVA IZQUIERDA,MST-NUEVA IZQUIERDA,direct_match,
NOS UNE RIO NEGRO,NOS UNE RÍO NEGRO,batch_lookup,True
NUESTRA RIOJA,NUESTRA RIOJA,direct_match,
NUESTRO COMPROMISO,NUESTRO COMPROMISO,direct_match,
NUEVA ALIANZA,NUEVA ALIANZA,direct_match,
NUEVA OPCION,ALIANZA NUEVA OPCION,batch_lookup,True
NUEVA PROPUESTA,NUEVA PROPUESTA,direct_match,
NUEVA SANTA CRUZ,NUEVA SANTA CRUZ,direct_match,
NUEVO,NUEVO,direct_match,
NUEVO COMPROMISO NEUQUINO,NUEVO COMPROMISO NEUQUINO,direct_match,
NUEVO ENCUENTRO,NUEVO ENCUENTRO,direct_match,
NUEVO ESPACIO CIUDADANO,NUEVO ESPACIO CIUDADANO,direct_match,
NUEVO ESPACIO ENTRERRIANO,ALIANZA NUEVO ESPACIO ENTRERRIANO,batch_lookup,True
NUEVO NEUQUEN,NUEVO NEUQUÉN,batch_lookup,True
NUEVO SANAGASTA,NUEVO SANAGASTA,direct_match,
OBRERO,OBRERO,direct_match,
OPCION FEDERAL,OPCION FEDERAL,direct_match,
OPCION PROVINCIAL LIBERAL,ALIANZA OPCION PROVINCIAL LIBERAL,batch_lookup,True
OTRA RIOJA ES POSIBLE,OTRA RIOJA ES POSIBLE,direct_match,
PACTO AUTONOMISTA LIBERAL - DEMOCRATA PROGRESISTA,PACTO AUTONOMISTA LIBERAL - DEMOCRATA PROGRESISTA,direct_match,
PACTO AUTONOMISTA LIBERAL - DEMOCRATA PROGRESISTA - DEMOCRATA CRISTIANO,PACTO AUTONOMISTA LIBERAL - DEMOCRATA PROGRESISTA - DEMOCRATA CRISTIANO,direct_match,
PACTO AUTONOMISTA LIBERAL - DEMOCRATA PROGRESISTA - MOVIMIENTO LIBERACION POPULAR,PACTO AUTONOMISTA LIBERAL - DEMOCRATA PROGRESISTA - MOVIMIENTO LIBERACION POPULAR,direct_match,
PACTO AUTONOMISTA LIBERAL - DEMOCRATA PROGRESISTA - UNION DE CENTRO DEMOCRATICO,PACTO AUTONOMISTA LIBERAL - DEMOCRATA PROGRESISTA - DEMOCRATA CRISTIANO,batch_lookup,True
PACTO AUTONOMISTA LIBERAL - FEDERAL - DEMOCRATA PROGRESISTA,PACTO AUTONOMISTA LIBERAL - FEDERAL - DEMOCRATA PROGRESISTA,direct_match,
PARA LA CONCERTACION CIUDADANA,PARA LA CONCERTACIÓN CIUDADANA,batch_lookup,True
PARTIDO DEL OBRERO,PARTIDO DEL OBRERO,direct_match,
PARTIDO FE,PARTIDO FE,direct_match,
PARTIDO JUSTICIALISTA,PARTIDO JUSTICIALISTA,direct_match,
POLO SOCIAL INTRANSIGENTE,ALIANZA POLO SOCIAL INTRANSIGENTE,batch_lookup,True
POPULAR,POPULAR,direct_match,
POPULAR DE CENTRO,ALIANZA POPULAR DE CENTRO,batch_lookup,True
POR LA LIBERTAD INDEPENDIENTE CHUBUTENSE,ALIANZA POR LA LIBERTAD INDEPENDIENTE CHUBUTENSE,batch_lookup,True
POR MENDOZA,JUNTOS POR MENDOZA,batch_lookup,True
POR SAN JUAN,ALIANZA POR SAN JUAN,batch_lookup,True
POR SANTA CRUZ,POR SANTA CRUZ,direct_match,
POR UNA ESPERANZA CHAMICALENSE,POR UNA ESPERANZA CHAMICALENSE,direct_match,
PRIMERO JUJUY,PRIMERO JUJUY,direct_match,
PRIMERO RIO NEGRO,PRIMERO RÍO NEGRO,batch_lookup,True
PRO - PROPUESTA REPUBLICANA,PRO - PROPUESTA REPUBLICANA,direct_match,
PRO PROPUESTA REPUBLICANA,PRO PROPUESTA REPUBLICANA,direct_match,
PROPUESTA FRENTE PAMPEANO CIVICO Y SOCIAL,PROPUESTA FRENTE PAMPEANO CIVICO Y SOCIAL,direct_match,
PROPUESTA REPUBLICANA,PROPUESTA REPUBLICANA,direct_match,
PROPUESTA REPUBLICANA - PRO,PROPUESTA REPUBLICANA - PRO,direct_match,
PROVINCIAL RIONEGRINO,PROVINCIAL RIONEGRINO,direct_match,
PROYECCION VECINALISTA DE CHUBUT,PROYECCION VECINALISTA DE CHUBUT,direct_match,
PROYECTO AGRARIO Y SOCIAL PAYS E,PROYECTO AGRARIO Y SOCIAL PAYS E,direct_match,
PROYECTO SUR,PROYECTO SUR,direct_match,
PUEBLO NUEVO,PUEBLO NUEVO,direct_match,
PUEBLO UNIDO,PUEBLO UNIDO,direct_match,
RECREAR CORDOBA EN ACCION,ALIANZA RECREAR CORDOBA EN ACCION,batch_lookup,True
RECREAR PARA EL CRECIMIENTO,RECREAR PARA EL CRECIMIENTO,direct_match,
REFORMADOR ESPERANZA PARA TODOS,REFORMADOR ESPERANZA PARA TODOS,direct_match,
RENOVADOR DE SALTA,RENOVADOR DE SALTA,direct_match,
REPUBLICANOS UNIDOS,REPUBLICANOS UNIDOS,direct_match,
SALTA NOS UNE,SALTA NOS UNE,direct_match,
SALTA PARA TODOS,SALTA PARA TODOS,direct_match,
SALTA SOMOS TODOS,SALTA SOMOS TODOS,direct_match,
SALTEÑA,ALIANZA SALTEÑA,batch_lookup,True
SAN JUAN POR TODOS,SAN JUAN POR TODOS,direct_match,
SAN LUIS UNIDO,SAN LUIS UNIDO,direct_match,
SANTAFESINA,ALIANZA SANTAFESINA,batch_lookup,True
SER FUEGUINO,SER FUEGUINO,direct_match,
SERVICIO Y COMUNIDAD,SERVICIO Y COMUNIDAD,direct_match,
SI - SALTA INDEPENDIENTE,SÍ - SALTA INDEPENDIENTE,batch_lookup,True
SIEMPRE,SIEMPRE,direct_match,
SIEMPRE JUNTO A LA GENTE,SIEMPRE JUNTO A LA GENTE,direct_match,
SOCIAL PATAGONICO,SOCIAL PATAGÓNICO,batch_lookup,True
SOCIALISTA,SOCIALISTA,direct_match,
SOCIALISTA POPULAR,SOCIALISTA POPULAR,direct_match,
SOMOS FUEGUINOS,SOMOS FUEGUINOS,direct_match,
TODOS POR ENTRE RIOS,ALIANZA TODOS POR ENTRE RIOS,batch_lookup,True
TODOS POR SALTA,TODOS POR SALTA,direct_match,
TODOS POR SAN JUAN,TODOS POR SAN JUAN,direct_match,
TOTAL FRENTE JUSTICIALISTA PARA LA VICTORIA,TOTAL FRENTE JUSTICIALISTA PARA LA VICTORIA,direct_match,
TRABAJO Y PRODUCCION,TRABAJO Y PRODUCCION,direct_match,
TRABAJO Y PROGRESO,TRABAJO Y PROGRESO,direct_match,
TRES BANDERAS,TRES BANDERAS,direct_match,
UCR - MID - MPC - ARI - RPC,UCR - MID - MPC - ARI - RPC,direct_match,
UN CAMBIO PARA SALTA,UN CAMBIO PARA SALTA,direct_match,
UNEN,ALIANZA UNEN,batch_lookup,True
UNIDAD BONAERENSE,UNIDAD BONAERENSE,direct_match,
UNIDAD CIUDADANA,ALIANZA UNIDAD CIUDADANA,batch_lookup,True
UNIDAD CIUDADANA FRENTE NEUQUINO,ALIANZA UNIDAD CIUDADANA FRENTE NEUQUINOA,batch_lookup,True
UNIDAD CORRENTINA,UNIDAD CORRENTINA,direct_match,
UNIDAD DE LOS NEUQUINOS PARA EL CAMBIO,ALIANZA UNIDAD DE LOS NEUQUINOS PARA EL CAMBIO,batch_lookup,True
UNIDAD FUEGUINA,UNIDAD FUEGUINA,direct_match,
UNIDAD PORTEÑA,ALIANZA UNIDAD PORTEÑA,batch_lookup,True
UNIDAD SOCIALISTA,UNIDAD SOCIALISTA,direct_match,
UNIDOS PARA CAMBIAR SANTA FE,UNIDOS PARA CAMBIAR SANTA FE,direct_match,
UNIDOS PARA LA VICTORIA,UNIDOS PARA LA VICTORIA,direct_match,
UNIDOS POR CATAMARCA,ALIANZA UNIDOS POR CATAMARCA,batch_lookup,True
UNIDOS POR LA LIBERTAD Y EL TRABAJO,ALIANZA UNIDOS POR LA LIBERTAD Y EL TRABAJO,batch_lookup,True
UNIDOS POR RIO NEGRO,UNIDOS POR RIO NEGRO,direct_match,
UNIDOS POR SALTA,UNIDOS POR SALTA,direct_match,
UNIDOS POR SAN JUAN,UNIDOS POR SAN JUAN,direct_match,
UNIDOS POR SAN LUIS,UNIDOS POR SAN LUIS,direct_match,
UNIDOS POR UNA NUEVA ALTERNATIVA,ALIANZA UNIDOS POR UNA NUEVA ALTERNATIVA,batch_lookup,True
UNIDOS Y ORGANIZADOS POR LA SOBERANIA POPULAR,UNIDOS Y ORGANIZADOS POR LA SOBERANÍA POPULAR,batch_lookup,True
UNION CELESTE Y BLANCO,UNIÓN CELESTE Y BLANCO,batch_lookup,True
UNION CIVICA RADICAL,UNION CIVICA RADICAL,direct_match,
UNION CIVICA RADICAL - CONVERGENCIA,UNION CIVICA RADICAL - CONVERGENCIA,direct_match,
UNION CIVICA RADICAL - DEL PUEBLO,ALIANZA UNION CIVICA RADICAL - ALIANZA DEL PUEBLO,batch_lookup,True
UNION CIVICA RADICAL - FRESOL,UNION CIVICA RADICAL - FRESOL,direct_match,
UNION CIVICA RADICAL - JUNTOS PARA GANAR,UNION CIVICA RADICAL - JUNTOS PARA GANAR,direct_match,
UNION CIVICA RADICAL - MOVIMIENTO DE INTEGRACION Y DESARROLLO,ALIANZA UNION CIVICA RADICAL - MOVIMIENTO DE INTEGRACION Y DESARROLLO,batch_lookup,True
UNION CIVICA RADICAL - MOVIMIENTO POPULAR,ALIANZA UNION CIVICA RADICAL - MOVIMIENTO POPULAR CATAMARQUEÑO,batch_lookup,True
UNION CIVICA RADICAL - MOVIMIENTO POPULAR CATAMARQUEÑO,ALIANZA UNION CIVICA RADICAL - MOVIMIENTO POPULAR CATAMARQUEÑO,batch_lookup,True
UNION CIVICA RADICAL - MOVIMIENTO POPULAR CATAMARQUEÑO - LA VOZ DEL PUEBLO,UNION CIVICA RADICAL - MOVIMIENTO POPULAR CATAMARQUEÑO - LA VOZ DEL PUEBLO,direct_match,
UNION CIVICA RADICAL - PARA LA PATAGONIA,ALIANZA UNION CIVICA RADICAL - PARA LA PATAGONIA,batch_lookup,True
UNION CIVICA RADICAL - PROYECCION VECINAL,UNIÓN CÍVICA RADICAL - PROYECCIÓN VECINAL,batch_lookup,True
UNION DE CENTRO DEMOCRATICO,UNION DE CENTRO DEMOCRATICO,direct_match,
UNION DE CENTRO DEMOCRATICO - DEMOCRATA PROGRESISTA - UNION CONSERVADORA - UNION CATOLICA DEMOCRATICA,UNION DE CENTRO DEMOCRATICO - DEMOCRATA PROGRESISTA - UNION CONSERVADORA - UNION CATOLICA DEMOCRATICA,direct_match,
UNION DE FUERZAS SOCIALES,ALIANZA UNION DE FUERZAS SOCIALES,batch_lookup,True
UNION DE LOS NEUQUINOS,UNIÓN DE LOS NEUQUINOS,batch_lookup,True
UNION PARA EL DESARROLLO SOCIAL,UNION POR LA RIOJA,batch_lookup,True
UNION PARA RECREAR BUENOS AIRES,ALIANZA UNION PARA RECREAR BUENOS AIRES,batch_lookup,True
UNION PARA VIVIR MEJOR,UNIÓN PARA VIVIR MEJOR,batch_lookup,True
UNION POPULAR,UNION POPULAR,direct_match,
UNION POR CHACO,ALIANZA UNION POR CHACO,batch_lookup,True
UNION POR CORDOBA,ALIANZA UNION POR CORDOBA,batch_lookup,True
UNION POR CORDOBA - FRENTE PARA LA VICTORIA,UNIÓN POR CÓRDOBA - FRENTE PARA LA VICTORIA,batch_lookup,True
UNION POR JUJUY,UNIDAD POR JUJUY,batch_lookup,True
UNION POR LA PATRIA,UNION POR LA PATRIA,direct_match,
UNION POR RIO NEGRO,UNIDOS POR RIO NEGRO,batch_lookup,True
UNION POR SALTA,UNION POR SALTA,direct_match,
UNION POR SAN LUIS,UNIÓN POR SAN LUIS,batch_lookup,True
UNION POR UN NUEVO CHACO,ALIANZA UNION POR UN NUEVO CHACO,batch_lookup,True
UNION PRO,UNIÓN PRO,batch_lookup,True
UNION PRO FEDERAL,UNION PRO FEDERAL,direct_match,
UNION PROA,UNIÓN PRO,batch_lookup,True
UNION PROVINCIAL,UNION PROVINCIAL,direct_match,
UNION VECINAL DE CORDOBA,UNION VECINAL DE CORDOBA,direct_match,
UNION VICTORIA POPULAR,UNION VICTORIA POPULAR,direct_match,
UNION Y LIBERTAD,UNION Y LIBERTAD,direct_match,
"UNION, PRODUCCION Y TRABAJO","UNIÓN, PRODUCCIÓN Y TRABAJO",batch_lookup,True
UNITE POR LA FAMILIA Y LA VIDA,UNITE POR LA FAMILIA Y LA VIDA (PCP - UNITE - PP),batch_lookup,True
UNITE POR LA LIBERTAD Y LA DIGNIDAD,UNITE POR LA LIBERTAD Y LA DIGNIDAD,direct_match,
VAMOS CHACO,ALIANZA VAMOS CHACO,batch_lookup,True
VAMOS CON TODOS,VAMOS CON TODOS,direct_match,
VAMOS JUNTOS,ALIANZA VAMOS JUNTOS,batch_lookup,True
VERDE,PARTIDO VERDE,batch_lookup,True
VICTORIA POPULAR,VICTORIA POPULAR,direct_match,
VIVA LA LIBERTAD,VIVA LA LIBERTAD,direct_match,
WAYAR GOBERNADOR,WAYAR GOBERNADOR,direct_match,
